word,definition,example
Aberration,"A departure from what is normal or expected","The warm weather in December was an aberration from the usual frigid temperatures."
Abhor,"To regard with disgust and hatred","She abhorred the practice of cheating on exams."
Abridge,"To shorten or condense without losing the essential meaning","The editor abridged the novel for the young readers' edition."
Abstemious,"Moderate or sparing in eating and drinking; temperate","His abstemious habits helped him maintain excellent health."
Accolade,"An award or privilege granted as a special honor","Winning the Nobel Prize is the highest accolade a scientist can receive."
Acrimony,"Bitterness or ill feeling","The divorce was filled with acrimony and mutual accusations."
Admonish,"To warn or reprimand someone firmly","The teacher admonished the students for talking during the test."
Adulation,"Excessive admiration or praise","The pop star received adulation from fans wherever she went."
Advocate,"To publicly support or recommend a particular cause or policy","She advocated for stronger environmental protections."
Aesthetic,"Concerned with beauty or the appreciation of beauty","The architect's aesthetic sensibility was evident in every detail."
Affable,"Friendly, good-natured, and easy to talk to","The affable host made every guest feel welcome at the party."
Affluent,"Having a great deal of money; wealthy","The affluent neighborhood featured mansions and manicured lawns."
Alacrity,"Brisk and cheerful readiness","She accepted the job offer with alacrity."
Alleviate,"To make suffering or a problem less severe","The new medication helped alleviate her chronic pain."
Amalgamate,"To combine or unite to form one organization or structure","The two companies amalgamated to form a powerful corporation."
Ambiguous,"Open to more than one interpretation; not clear","The politician's ambiguous statement left voters confused about her position."
Ambivalent,"Having mixed feelings or contradictory ideas about something","He felt ambivalent about moving to a new city for the job."
Ameliorate,"To make something bad or unsatisfactory better","The government introduced new policies to ameliorate living conditions."
Amenable,"Open and responsive to suggestion; easily persuaded","She was amenable to changing the meeting time to accommodate everyone."
Amiable,"Having a friendly and pleasant manner","His amiable personality made him popular among his colleagues."
Analogous,"Comparable in certain respects; similar","The structure of an atom is analogous to a miniature solar system."
Anarchist,"A person who believes in the abolition of all government","The anarchist distributed pamphlets arguing against state authority."
Anecdote,"A short and amusing or interesting story about a real incident","She told an anecdote about her first day at college."
Animosity,"Strong hostility or opposition","Years of animosity between the rival teams made every game intense."
Anomaly,"Something that deviates from what is standard or expected","The scientist investigated the anomaly in the experimental data."
Antagonize,"To cause someone to become hostile","His rude comments antagonized his classmates."
Antithesis,"A person or thing that is the direct opposite of someone or something else","Her quiet demeanor was the antithesis of her sister's outgoing personality."
Apathy,"Lack of interest, enthusiasm, or concern","Voter apathy led to a historically low turnout at the polls."
Appease,"To pacify or placate someone by acceding to their demands","The company tried to appease angry customers with refunds and apologies."
Arbitrary,"Based on random choice or personal whim rather than reason","The decision seemed arbitrary and lacked any logical justification."
Arduous,"Involving or requiring strenuous effort","The arduous hike up the mountain took nearly eight hours."
Articulate,"Having or showing the ability to speak fluently and coherently","The articulate speaker captivated the audience with her clear arguments."
Ascetic,"Characterized by severe self-discipline and abstention from indulgence","The monk lived an ascetic life, owning nothing but the clothes on his back."
Aspire,"To direct one's hopes or ambitions toward achieving something","She aspired to become the first in her family to attend college."
Astute,"Having the ability to accurately assess situations and turn them to one's advantage","The astute investor recognized the opportunity before anyone else."
Audacious,"Showing a willingness to take surprisingly bold risks","Her audacious plan to climb Everest solo shocked her friends."
Augment,"To make something greater by adding to it; increase","She took a part-time job to augment her income."
Auspicious,"Conducive to success; favorable","The sunny weather on opening day was an auspicious sign for the festival."
Austere,"Severe or strict in manner, attitude, or appearance","The austere professor rarely smiled and demanded perfection."
Autonomous,"Having the freedom to govern itself or control its own affairs","The region gained autonomous status after years of negotiation."
Avarice,"Extreme greed for wealth or material gain","His avarice led him to exploit his employees for maximum profit."
Banal,"So lacking in originality as to be obvious and boring","The movie's banal plot failed to engage the audience."
Belligerent,"Hostile and aggressive","The belligerent customer shouted at the store clerk over a minor issue."
Benevolent,"Well-meaning and kindly","The benevolent donor funded scholarships for underprivileged students."
Bolster,"To support or strengthen","New evidence bolstered the defense attorney's argument."
Brevity,"Concise and exact use of words in writing or speech","The professor was known for the brevity of her lectures."
Burgeon,"To begin to grow or increase rapidly; flourish","The technology sector continued to burgeon throughout the decade."
Cacophony,"A harsh mixture of sounds","The cacophony of car horns filled the congested city streets."
Callous,"Showing or having an insensitive and cruel disregard for others","His callous remarks about the tragedy shocked everyone."
Candid,"Truthful and straightforward; frank","Her candid assessment of the project revealed several flaws."
Capitulate,"To cease to resist an opponent or an unwelcome demand; surrender","After weeks of negotiation, the company capitulated to the union's demands."
Capricious,"Given to sudden and unaccountable changes of mood or behavior","The capricious weather made it impossible to plan outdoor events."
Catalyst,"A person or thing that precipitates an event or change","The protest served as a catalyst for sweeping social reform."
Caustic,"Sarcastic in a scathing and bitter way","Her caustic wit made her a feared but respected critic."
Censure,"To express severe disapproval of someone or something","The senator faced censure from his colleagues for his inappropriate conduct."
Clemency,"Mercy; lenience","The governor granted clemency to the prisoner after reviewing new evidence."
Coalesce,"To come together to form one mass or whole","The various groups coalesced into a unified movement."
Coerce,"To persuade someone to do something by using force or threats","He was coerced into signing the contract under duress."
Cogent,"Clear, logical, and convincing","The lawyer presented a cogent argument that swayed the jury."
Complacent,"Showing smug or uncritical satisfaction with oneself","The team became complacent after winning several games in a row."
Concede,"To admit that something is true after first denying or resisting it","After reviewing the data, she conceded that the original theory was flawed."
Conciliatory,"Intended or likely to placate or pacify","The manager's conciliatory tone helped defuse the tense situation."
Condone,"To accept and allow behavior that is considered wrong to continue","The school does not condone bullying in any form."
Confound,"To cause surprise or confusion; mix up","The results of the experiment confounded the researchers' expectations."
Congenial,"Pleasant because of qualities or interests that are similar to one's own","She found the small university to be a congenial environment for learning."
Conjecture,"An opinion or conclusion formed on the basis of incomplete information","Without more data, any explanation is mere conjecture."
Consensus,"A general agreement","After hours of debate, the committee reached a consensus."
Contentious,"Causing or likely to cause an argument; controversial","Immigration policy remains a contentious issue in national politics."
Conundrum,"A confusing and difficult problem or question","The budget deficit presents a conundrum for policymakers."
Conventional,"Based on or in accordance with what is generally done or believed","His conventional approach to teaching did not appeal to creative students."
Convoluted,"Extremely complex and difficult to follow","The convoluted plot of the movie left audiences bewildered."
Copious,"Abundant in supply or quantity","She took copious notes during the lecture."
Corroborate,"To confirm or give support to a statement, theory, or finding","Witnesses corroborated the victim's account of the incident."
Credulous,"Having or showing too great a readiness to believe things","The credulous audience believed every word of the charlatan's speech."
Culminate,"To reach a climax or point of highest development","Years of research culminated in a groundbreaking discovery."
Cursory,"Hasty and therefore not thorough or detailed","A cursory glance at the report revealed several errors."
Cynical,"Believing that people are motivated purely by self-interest","Her cynical view of politics kept her from voting."
Deference,"Humble submission and respect","Out of deference to the elder statesman, the young senator yielded the floor."
Delineate,"To describe or portray something precisely","The report delineated the steps needed to improve safety."
Deleterious,"Causing harm or damage","The deleterious effects of pollution on public health are well documented."
Demagogue,"A political leader who seeks support by appealing to popular desires and prejudices","The demagogue stirred up fear and resentment to gain votes."
Denounce,"To publicly declare to be wrong or evil","Human rights organizations denounced the government's use of force."
Deplete,"To use up the supply or resources of","Overfishing has depleted the ocean's fish populations."
Deride,"To express contempt for; ridicule","Critics derided the film as a poorly made imitation."
Despondent,"In low spirits from loss of hope or courage","After failing the exam, she felt despondent for days."
Deterrent,"A thing that discourages or is intended to discourage someone from doing something","High fines serve as a deterrent to reckless driving."
Diatribe,"A forceful and bitter verbal attack against someone or something","The senator launched into a diatribe against the proposed legislation."
Dichotomy,"A division or contrast between two things that are represented as being opposed","The dichotomy between rich and poor continues to widen."
Didactic,"Intended to teach, particularly in having moral instruction as an ulterior motive","The novel's didactic tone made it feel more like a sermon than a story."
Diffident,"Modest or shy because of a lack of self-confidence","The diffident student rarely spoke up in class discussions."
Digress,"To leave the main subject temporarily in speech or writing","The professor tended to digress from the topic with personal anecdotes."
Diligent,"Having or showing care and conscientiousness in one's work","Her diligent study habits earned her a place on the honor roll."
Diminish,"To make or become less","The scandal diminished the politician's credibility."
Discern,"To perceive or recognize something","It was difficult to discern the truth from the many conflicting accounts."
Disparage,"To regard or represent as being of little worth","He disparaged his opponent's qualifications during the debate."
Disseminate,"To spread information widely","The organization worked to disseminate knowledge about climate change."
Divergent,"Tending to be different or develop in different directions","The siblings had divergent opinions on how to manage the family business."
Dogmatic,"Inclined to lay down principles as incontrovertibly true","The dogmatic professor refused to consider alternative interpretations."
Dubious,"Hesitating or doubting; not to be relied upon","The scientist remained dubious about the validity of the new study."
Ebullient,"Cheerful and full of energy","Her ebullient personality brightened the mood of everyone around her."
Eclectic,"Deriving ideas or style from a broad and diverse range of sources","The restaurant offered an eclectic menu featuring dishes from around the world."
Efficacy,"The ability to produce a desired or intended result","Researchers questioned the efficacy of the new treatment."
Egregious,"Outstandingly bad; shocking","The egregious error in the financial report led to a major investigation."
Elicit,"To evoke or draw out a response or answer","The comedian's jokes elicited laughter from the entire audience."
Elucidate,"To make something clear; explain","The professor elucidate the complex theory with simple examples."
Eminent,"Famous and respected within a particular sphere or profession","The eminent scientist was invited to speak at the international conference."
Empathy,"The ability to understand and share the feelings of another","Her empathy for the victims motivated her to volunteer at the shelter."
Empirical,"Based on observation or experience rather than theory or pure logic","The study relied on empirical evidence gathered over five years."
Emulate,"To match or surpass by imitation","Young athletes often emulate the techniques of their sports heroes."
Enervate,"To cause someone to feel drained of energy or vitality","The oppressive heat enervated the hikers, slowing their progress."
Enigmatic,"Difficult to interpret or understand; mysterious","The Mona Lisa's enigmatic smile has fascinated viewers for centuries."
Ephemeral,"Lasting for a very short time","The beauty of the cherry blossoms is ephemeral, lasting only a few days."
Equanimity,"Mental calmness and composure, especially in a difficult situation","She faced the crisis with remarkable equanimity."
Equivocal,"Open to more than one interpretation; ambiguous","The witness gave an equivocal answer that satisfied neither side."
Erratic,"Not even or regular in pattern or movement; unpredictable","His erratic behavior raised concerns among his colleagues."
Erudite,"Having or showing great knowledge or learning","The erudite professor could discuss topics ranging from physics to philosophy."
Eschew,"To deliberately avoid using; abstain from","The health-conscious chef eschewed artificial ingredients."
Esoteric,"Intended for or likely to be understood by only a small number of people","The physicist's lecture on quantum mechanics was too esoteric for most attendees."
Eulogy,"A speech or piece of writing that praises someone or something highly","She delivered a moving eulogy at her grandmother's funeral."
Exacerbate,"To make a problem, bad situation, or negative feeling worse","The drought was exacerbated by record-high temperatures."
Exonerate,"To absolve someone from blame for a fault or wrongdoing","DNA evidence exonerated the man who had been wrongfully imprisoned."
Expedient,"Convenient and practical, although possibly improper or immoral","Taking the shortcut was expedient but not entirely ethical."
Explicit,"Stated clearly and in detail, leaving no room for confusion","The instructions were explicit about the steps to follow."
Extraneous,"Irrelevant or unrelated to the subject being dealt with","The editor removed extraneous details that cluttered the article."
Facetious,"Treating serious issues with deliberately inappropriate humor","His facetious comments during the meeting annoyed his colleagues."
Facilitate,"To make an action or process easy or easier","The new software was designed to facilitate communication between teams."
Fallacious,"Based on a mistaken belief","The fallacious argument was quickly dismantled by the opposing counsel."
Fervent,"Having or displaying a passionate intensity","The fervent supporters cheered their team through every game."
Flagrant,"Conspicuously or obviously offensive","The referee called a foul on the flagrant violation."
Flippant,"Not showing a serious or respectful attitude","Her flippant response to the serious question irritated the interviewer."
Fortuitous,"Happening by accident or chance rather than design","Their fortuitous meeting at the conference led to a successful partnership."
Frugal,"Sparing or economical with regard to money or food","Her frugal habits allowed her to save enough for a down payment."
Futile,"Incapable of producing any useful result; pointless","Their attempts to negotiate were futile as neither side would compromise."
Galvanize,"To shock or excite someone into taking action","The tragedy galvanized the community into demanding safer roads."
Garner,"To gather or collect something, especially information or approval","The film garnered critical acclaim at several international festivals."
Gratuitous,"Uncalled for; lacking good reason; unnecessary","The movie was criticized for its gratuitous violence."
Gregarious,"Fond of company; sociable","The gregarious host ensured that no guest was left standing alone."
Hackneyed,"Lacking significance through having been overused; unoriginal","The essay was full of hackneyed phrases and clichés."
Haphazard,"Lacking any obvious principle of organization","The books were arranged in a haphazard manner on the shelf."
Harbinger,"A person or thing that announces or signals the approach of another","The first robin of spring is a harbinger of warmer days ahead."
Hegemony,"Leadership or dominance, especially by one country or social group","The nation's military hegemony influenced global politics for decades."
Heresy,"Belief or opinion contrary to orthodox religious doctrine","Galileo's scientific theories were once considered heresy by the church."
Heterogeneous,"Diverse in character or content","The city's heterogeneous population represents cultures from around the world."
Hypothesis,"A supposition or proposed explanation made on the basis of limited evidence","The scientist's hypothesis was confirmed by the experimental results."
Iconoclast,"A person who attacks cherished beliefs or institutions","The young iconoclast challenged the traditions of the art establishment."
Idiosyncratic,"Relating to a mode of behavior peculiar to an individual","His idiosyncratic writing style made his work instantly recognizable."
Immutable,"Unchanging over time or unable to be changed","The laws of physics are considered immutable."
Impartial,"Treating all rivals or disputants equally; fair and just","The judge was praised for her impartial handling of the case."
Impede,"To delay or prevent someone or something by obstructing them","Heavy traffic impeded our progress to the airport."
Impervious,"Not allowing fluid to pass through; unable to be affected","The waterproof jacket was impervious to rain."
Impetuous,"Acting or done quickly and without thought or care","His impetuous decision to quit his job left him struggling financially."
Implicit,"Implied though not plainly expressed","There was an implicit understanding between them that no one else knew about."
Impunity,"Exemption from punishment or freedom from the injurious consequences of an action","The corrupt officials acted with impunity, knowing they would not be prosecuted."
Inadvertent,"Not resulting from or achieved through deliberate planning","The inadvertent disclosure of confidential information caused a scandal."
Incisive,"Intelligently analytical and clear-thinking","Her incisive analysis of the market trends impressed the investors."
Incongruous,"Not in harmony or keeping with the surroundings","The modern glass building looked incongruous next to the historic cathedral."
Indifferent,"Having no particular interest or sympathy; unconcerned","He seemed indifferent to the outcome of the election."
Indigenous,"Originating or occurring naturally in a particular place; native","The indigenous plants of the region are adapted to the dry climate."
Indolent,"Wanting to avoid activity or exertion; lazy","The indolent student rarely completed his homework on time."
Inexorable,"Impossible to stop or prevent","The inexorable march of technology continues to transform society."
Ingenious,"Clever, original, and inventive","The engineer devised an ingenious solution to the design problem."
Innate,"Inborn; natural","Her innate talent for music was apparent from a very young age."
Innocuous,"Not harmful or offensive","The remark seemed innocuous but was actually quite hurtful."
Insidious,"Proceeding in a gradual, subtle way, but with harmful effects","The insidious spread of misinformation poses a threat to democracy."
Insipid,"Lacking flavor, vigor, or interest","The insipid soup needed more seasoning."
Intransigent,"Unwilling or refusing to change one's views or to agree about something","The intransigent negotiator refused to make any concessions."
Inundate,"To overwhelm someone with things or people to be dealt with","The office was inundated with complaints after the product recall."
Inveterate,"Having a particular habit, activity, or interest that is long-established and unlikely to change","He was an inveterate reader who finished a book every week."
Irascible,"Having or showing a tendency to be easily angered","The irascible old man shouted at anyone who walked on his lawn."
Juxtapose,"To place close together or side by side for comparison or contrast","The exhibit juxtaposed classical paintings with modern interpretations."
Laconic,"Using very few words","The laconic reply conveyed everything that needed to be said."
Languid,"Displaying or having a disinclination for physical exertion or effort","The languid afternoon by the pool was exactly what she needed."
Laud,"To praise someone or something highly","Critics lauded the director's latest film as a masterpiece."
Lethargic,"Affected by a lack of energy or enthusiasm","The hot weather made the students lethargic during afternoon classes."
Lucid,"Expressed clearly; easy to understand","The teacher's lucid explanation helped the students grasp the difficult concept."
Magnanimous,"Very generous or forgiving, especially toward a rival or less powerful person","The magnanimous winner congratulated her opponent on a well-fought match."
Malevolent,"Having or showing a wish to do evil to others","The villain's malevolent plan threatened the entire city."
Malleable,"Easily influenced; pliable","Young minds are malleable and can be shaped by positive experiences."
Meticulous,"Showing great attention to detail; very careful and precise","The meticulous craftsman spent hours perfecting every detail."
Mitigate,"To make less severe, serious, or painful","Wearing sunscreen helps mitigate the harmful effects of UV radiation."
Mundane,"Lacking interest or excitement; dull","She longed for adventure to escape her mundane daily routine."
Nefarious,"Wicked or criminal","The detective uncovered the nefarious plot to defraud investors."
Nonchalant,"Feeling or appearing casually calm and relaxed","He gave a nonchalant shrug when asked about his impressive achievement."
Nostalgia,"A sentimental longing for the past","The old photographs filled her with nostalgia for her childhood."
Notorious,"Famous or well known, typically for some bad quality or deed","The notorious criminal was finally captured after years on the run."
Nuance,"A subtle difference in meaning, expression, or sound","The translator captured every nuance of the original text."
Obdurate,"Stubbornly refusing to change one's opinion or course of action","The obdurate child refused to eat his vegetables no matter what."
Obsequious,"Obedient or attentive to an excessive or servile degree","The obsequious assistant agreed with everything the boss said."
Obstinate,"Stubbornly refusing to change one's opinion or chosen course of action","The obstinate mule refused to move despite the farmer's efforts."
Opaque,"Not able to be seen through; not transparent","The opaque language of the contract confused the first-time buyers."
Ostentatious,"Characterized by vulgar or pretentious display designed to impress","The ostentatious mansion featured gold fixtures and marble floors."
Paradox,"A seemingly absurd or self-contradictory statement that when investigated may prove to be true","It is a paradox that standing is more tiring than walking."
Parsimonious,"Unwilling to spend money or use resources; stingy","The parsimonious employer refused to invest in new equipment."
Paucity,"The presence of something only in small or insufficient quantities","The paucity of evidence made it difficult to reach a conclusion."
Pedantic,"Excessively concerned with minor details or rules","His pedantic insistence on grammar rules made conversations tiresome."
Penchant,"A strong or habitual liking for something or tendency to do something","She had a penchant for collecting vintage records."
Perfunctory,"Carried out with a minimum of effort or reflection","The security guard gave the bag a perfunctory check before waving us through."
Pernicious,"Having a harmful effect, especially in a gradual or subtle way","The pernicious effects of gossip can destroy relationships."
Pervasive,"Spreading widely throughout an area or a group of people","The pervasive influence of social media has transformed communication."
Philanthropy,"The desire to promote the welfare of others, expressed by generous donations","Her philanthropy funded new libraries in underserved communities."
Placate,"To make someone less angry or hostile","The manager tried to placate the upset customer with a full refund."
Pragmatic,"Dealing with things sensibly and realistically","The pragmatic approach to the problem saved both time and money."
Precarious,"Not securely held or in position; dangerously likely to fall or collapse","The precarious economic situation left many families struggling."
Precedent,"An earlier event or action that is regarded as an example or guide","The court's decision set a precedent for future cases."
Precocious,"Having developed certain abilities or proclivities at an earlier age than usual","The precocious child was reading novels by the age of four."
Presumptuous,"Failing to observe the limits of what is permitted or appropriate","It was presumptuous of him to assume he would get the promotion."
Prevalent,"Widespread in a particular area at a particular time","Allergies are prevalent during the spring months."
Prodigious,"Remarkably great in extent, size, or degree","The prodigious amount of data required advanced computing power to analyze."
Profound,"Very great or intense; having deep insight","The book had a profound impact on her understanding of the world."
Proliferate,"To increase rapidly in numbers; multiply","Online misinformation continues to proliferate across social media platforms."
Propensity,"An inclination or natural tendency to behave in a particular way","He had a propensity for procrastination that hindered his productivity."
Prosaic,"Having the style or diction of prose; lacking imagination","The prosaic description failed to capture the beauty of the sunset."
Prudent,"Acting with or showing care and thought for the future","It would be prudent to save money for unexpected expenses."
Querulous,"Complaining in a petulant or whining manner","The querulous passenger complained about every aspect of the flight."
Quixotic,"Exceedingly idealistic; unrealistic and impractical","His quixotic dream of solving world hunger inspired admiration but skepticism."
Recalcitrant,"Having an obstinately uncooperative attitude","The recalcitrant teenager refused to follow the household rules."
Redundant,"Not or no longer needed or useful; superfluous","The editor removed redundant sentences to tighten the essay."
Refute,"To prove a statement or theory to be wrong or false","The scientist presented data that refuted the earlier hypothesis."
Relegate,"To consign or dismiss to an inferior rank or position","The once-popular game was relegated to a dusty shelf."
Repudiate,"To refuse to accept or be associated with","The company repudiated the claims made against it in the lawsuit."
Resilient,"Able to withstand or recover quickly from difficult conditions","The resilient community rebuilt quickly after the hurricane."
Reticent,"Not revealing one's thoughts or feelings readily","The reticent witness provided only the briefest answers to questions."
Rhetoric,"The art of effective or persuasive speaking or writing","The politician's fiery rhetoric inspired the crowd."
Sagacious,"Having or showing keen mental discernment and good judgment; shrewd","The sagacious investor made decisions that yielded impressive returns."
Salient,"Most noticeable or important","The report highlighted the salient points of the investigation."
Sanguine,"Optimistic or positive, especially in a difficult situation","Despite the setback, she remained sanguine about the project's success."
Sardonic,"Grimly mocking or cynical","His sardonic humor was an acquired taste."
Scrutinize,"To examine or inspect closely and thoroughly","The auditors scrutinized every financial transaction for irregularities."
Sentimental,"Of or prompted by feelings of tenderness, sadness, or nostalgia","The sentimental greeting card brought tears to her eyes."
Serendipity,"The occurrence of events by chance in a happy or beneficial way","Finding the rare book at a garage sale was pure serendipity."
Skeptical,"Not easily convinced; having doubts or reservations","Scientists remained skeptical of the unverified claims."
Solicitous,"Characterized by or showing interest or concern","The solicitous nurse checked on the patient every hour."
Somber,"Dark or dull in color or tone; gloomy","The somber mood at the memorial reflected the community's grief."
Specious,"Superficially plausible, but actually wrong","The specious argument fell apart under careful examination."
Sporadic,"Occurring at irregular intervals or only in a few places","Sporadic outbreaks of the disease were reported across the region."
Squander,"To waste something, especially money or time, in a reckless manner","He squandered his inheritance on frivolous purchases."
Stagnant,"Showing no activity; dull and sluggish","The economy remained stagnant despite government intervention."
Stoic,"A person who can endure pain or hardship without showing feelings or complaining","The stoic firefighter continued working despite the intense heat."
Stringent,"Strict, precise, and exacting","The laboratory follows stringent safety protocols."
Substantiate,"To provide evidence to support or prove the truth of","The reporter needed additional sources to substantiate the story."
Superfluous,"Unnecessary, especially through being more than enough","The superfluous decorations made the room feel cluttered."
Supplant,"To supersede and replace","Digital streaming has largely supplanted physical media sales."
Surreptitious,"Kept secret, especially because it would not be approved of","She cast a surreptitious glance at the answers on her classmate's paper."
Sycophant,"A person who acts obsequiously toward someone important to gain advantage","The CEO surrounded himself with sycophants who never challenged his ideas."
Taciturn,"Reserved or uncommunicative in speech; saying little","The taciturn farmer rarely spoke more than a few words at a time."
Tangential,"Relating to or along a tangent; only slightly relevant","The student's tangential comments diverted the class discussion."
Tenacious,"Tending to keep a firm hold of something; persistent","The tenacious reporter spent months investigating the corruption scandal."
Terse,"Sparing in the use of words; abrupt","His terse email simply read: 'Request denied.'"
Tirade,"A long, angry speech of criticism or accusation","The coach launched into a tirade after the team's poor performance."
Torpid,"Mentally or physically inactive; lethargic","The torpid students struggled to stay awake during the afternoon lecture."
Transient,"Lasting only for a short time; impermanent","The transient nature of fame meant many celebrities were quickly forgotten."
Trepidation,"A feeling of fear or agitation about something that may happen","She approached the job interview with considerable trepidation."
Trivial,"Of little value or importance","The argument began over something trivial but escalated quickly."
Ubiquitous,"Present, appearing, or found everywhere","Smartphones have become ubiquitous in modern society."
Undermine,"To damage or weaken someone or something, especially gradually","Constant criticism can undermine a child's self-confidence."
Unequivocal,"Leaving no doubt; unambiguous","The CEO's unequivocal statement put an end to the rumors."
Unprecedented,"Never done or known before","The pandemic led to unprecedented changes in how people work."
Utilitarian,"Designed to be useful or practical rather than attractive","The utilitarian design of the building prioritized function over form."
Vacillate,"To alternate or waver between different opinions or actions","She vacillated between accepting the offer and waiting for a better one."
Validate,"To check or prove the validity or accuracy of something","The experiment was designed to validate the researcher's hypothesis."
Vehement,"Showing strong feeling; forceful, passionate, or intense","Her vehement objection to the proposal surprised everyone in the room."
Verbose,"Using or expressed in more words than are needed","The verbose report could have been summarized in two pages."
Viable,"Capable of working successfully; feasible","The committee evaluated whether the plan was financially viable."
Vindicate,"To clear someone of blame or suspicion","The court ruling vindicated the defendant after years of accusations."
Volatile,"Liable to change rapidly and unpredictably, especially for the worse","The volatile stock market made investors nervous."
Voracious,"Wanting or devouring great quantities of food; having a very eager approach","She was a voracious reader, finishing several books each week."
Wary,"Feeling or showing caution about possible dangers or problems","Investors grew wary of the company's declining revenues."
Zealous,"Having or showing great energy or enthusiasm in pursuit of a cause","The zealous advocate campaigned tirelessly for education reform."
